Repeat_Unit,MaxAbsEStateIndex,MaxEStateIndex,MinAbsEStateIndex,MinEStateIndex,qed,SPS,MolWt,HeavyAtomMolWt,ExactMolWt,NumValenceElectrons,NumRadicalElectrons,MaxPartialCharge,MinPartialCharge,MaxAbsPartialCharge,MinAbsPartialCharge,FpDensityMorgan1,FpDensityMorgan2,FpDensityMorgan3,BCUT2D_MWHI,BCUT2D_MWLOW,BCUT2D_CHGHI,BCUT2D_CHGLO,BCUT2D_LOGPHI,BCUT2D_LOGPLOW,BCUT2D_MRHI,BCUT2D_MRLOW,AvgIpc,BalabanJ,BertzCT,Chi0,Chi0n,Chi0v,Chi1,Chi1n,Chi1v,Chi2n,Chi2v,Chi3n,Chi3v,Chi4n,Chi4v,HallKierAlpha,Ipc,Kappa1,Kappa2,Kappa3,LabuteASA,PEOE_VSA1,PEOE_VSA10,PEOE_VSA11,PEOE_VSA12,PEOE_VSA13,PEOE_VSA14,PEOE_VSA2,PEOE_VSA3,PEOE_VSA4,PEOE_VSA5,PEOE_VSA6,PEOE_VSA7,PEOE_VSA8,PEOE_VSA9,SMR_VSA1,SMR_VSA10,SMR_VSA2,SMR_VSA3,SMR_VSA4,SMR_VSA5,SMR_VSA6,SMR_VSA7,SMR_VSA8,SMR_VSA9,SlogP_VSA1,SlogP_VSA10,SlogP_VSA11,SlogP_VSA12,SlogP_VSA2,SlogP_VSA3,SlogP_VSA4,SlogP_VSA5,SlogP_VSA6,SlogP_VSA7,SlogP_VSA8,SlogP_VSA9,TPSA,EState_VSA1,EState_VSA10,EState_VSA11,EState_VSA2,EState_VSA3,EState_VSA4,EState_VSA5,EState_VSA6,EState_VSA7,EState_VSA8,EState_VSA9,VSA_EState1,VSA_EState10,VSA_EState2,VSA_EState3,VSA_EState4,VSA_EState5,VSA_EState6,VSA_EState7,VSA_EState8,VSA_EState9,FractionCSP3,HeavyAtomCount,NHOHCount,NOCount,NumAliphaticCarbocycles,NumAliphaticHeterocycles,NumAliphaticRings,NumAromaticCarbocycles,NumAromaticHeterocycles,NumAromaticRings,NumHAcceptors,NumHDonors,NumHeteroatoms,NumRotatableBonds,NumSaturatedCarbocycles,NumSaturatedHeterocycles,NumSaturatedRings,RingCount,MolLogP,MolMR,fr_Al_COO,fr_Al_OH,fr_Al_OH_noTert,fr_ArN,fr_Ar_COO,fr_Ar_N,fr_Ar_NH,fr_Ar_OH,fr_COO,fr_COO2,fr_C_O,fr_C_O_noCOO,fr_C_S,fr_HOCCN,fr_Imine,fr_NH0,fr_NH1,fr_NH2,fr_N_O,fr_Ndealkylation1,fr_Ndealkylation2,fr_Nhpyrrole,fr_SH,fr_aldehyde,fr_alkyl_carbamate,fr_alkyl_halide,fr_allylic_oxid,fr_amide,fr_amidine,fr_aniline,fr_aryl_methyl,fr_azide,fr_azo,fr_barbitur,fr_benzene,fr_benzodiazepine,fr_bicyclic,fr_diazo,fr_dihydropyridine,fr_epoxide,fr_ester,fr_ether,fr_furan,fr_guanido,fr_halogen,fr_hdrzine,fr_hdrzone,fr_imidazole,fr_imide,fr_isocyan,fr_isothiocyan,fr_ketone,fr_ketone_Topliss,fr_lactam,fr_lactone,fr_methoxy,fr_morpholine,fr_nitrile,fr_nitro,fr_nitro_arom,fr_nitro_arom_nonortho,fr_nitroso,fr_oxazole,fr_oxime,fr_para_hydroxylation,fr_phenol,fr_phenol_noOrthoHbond,fr_phos_acid,fr_phos_ester,fr_piperdine,fr_piperzine,fr_priamide,fr_prisulfonamd,fr_pyridine,fr_quatN,fr_sulfide,fr_sulfonamd,fr_sulfone,fr_term_acetylene,fr_tetrazole,fr_thiazole,fr_thiocyan,fr_thiophene,fr_unbrch_alkane,fr_urea,Tg
25-50-10-15,4.677557196,4.677557196,0.269911553,0.269911553,0.042056922,22.34,3998.436,3603.3,3995.067413,1592,90,-0.013021577,-0.102813451,0.102813451,0.013021577,0.08,0.22,0.47,14.55500445,9.643276596,2.510741222,-2.39842966,2.620125455,-2.304227601,5.536442787,0.277594375,0.825253978,0.44178312,8610.207623,213.7192266,186.2550469,186.2550469,147.423345,116.7005226,116.7005226,87.00184528,87.00184528,66.38094061,66.38094061,47.13395929,47.13395929,-11.7,3.22E+111,260.3991726,166.3067534,104.9131705,1865.737339,0,0,0,0,0,0,0,0,0,197.3680705,378.4086808,1305.355963,0,0,0,0,0,0,266.3057721,482.5674529,0,1132.259489,0,0,0,0,0,0,0,0,836.6359845,482.5674529,561.9292769,0,0,0,0,0,0,0,17.75371814,248.5520539,468.7199785,88.76859069,0,0,1057.338373,0,0,0,0,0,0,37.42255914,0,383.8189459,137.258495,0,0.4,300,0,0,15,0,15,0,0,0,0,0,0,177,15,0,15,15,80.2986,1319.594,0,0,0,0,0,0,0,0,0,0,0,0,0,0,0,0,0,0,0,0,0,0,0,0,0,0,60,0,0,0,0,0,0,0,0,0,0,0,0,0,0,0,0,0,0,0,0,0,0,0,0,0,0,0,0,0,0,0,0,0,0,0,0,0,0,0,0,0,0,0,0,0,0,0,0,0,0,0,0,0,0,0,0,3,0,246.52
35-25-25-25,4.680444897,4.680444897,0.253417659,0.253417659,0.042056922,23.06481481,4298.796,3891.564,4295.161313,1700,126,-0.013022048,-0.103082978,0.103082978,0.013022048,0.077160494,0.200617284,0.382716049,14.58555863,9.630371896,2.541944633,-2.412004893,2.65282318,-2.312436314,5.586892138,0.275443632,0.818853805,0.336184222,9173.13386,226.5225239,198.705676,198.705676,160.2866666,126.2612466,126.2612466,92.19882877,92.19882877,68.7588234,68.7588234,49.43105128,49.43105128,-10.14,2.58E+122,275.6178079,181.133308,116.3838535,2016.598581,0,0,0,0,0,0,0,0,0,98.68403525,382.7892667,1551.861763,0,0,0,0,0,0,207.1267116,546.2727535,0,1279.935599,0,0,0,0,0,0,0,0,1005.589009,546.2727535,481.473302,0,0,0,0,0,0,0,17.75371814,189.3729935,526.5073731,137.1176702,0,0,1162.58331,0,0,0,0,0,0,43.46581598,0,479.303567,67.89728371,0,0.37037037,324,0,0,21,0,21,0,0,0,0,0,0,178,21,0,21,21,84.28084,1407.57,0,0,0,0,0,0,0,0,0,0,0,0,0,0,0,0,0,0,0,0,0,0,0,0,0,0,63,0,0,0,0,0,0,0,0,0,0,0,0,0,0,0,0,0,0,0,0,0,0,0,0,0,0,0,0,0,0,0,0,0,0,0,0,0,0,0,0,0,0,0,0,0,0,0,0,0,0,0,0,0,0,0,0,12,0,249.2
45-30-15-10,4.764253967,4.764253967,0.231144745,0.231144745,0.042056922,24.9137931,4599.156,4179.828,4595.255213,1808,162,-0.013021758,-0.102813451,0.102813451,0.013021758,0.068965517,0.183908046,0.387931034,14.63622379,9.629492008,2.59326896,-2.412056522,2.700285171,-2.317872505,5.633219649,0.265850518,0.821005779,0.299713429,9818.916051,242.5885554,211.4825785,211.4825785,171.8875534,134.2443582,134.2443582,100.1235598,100.1235598,77.32326882,77.32326882,56.6131907,56.6131907,-8.58,2.86E+133,291.1151752,179.4106078,106.9978175,2167.459824,0,0,0,0,0,0,0,0,0,118.4208423,305.4964395,1761.620133,0,0,0,0,0,0,266.3057721,482.5674529,0,1436.66419,0,0,0,0,0,0,0,0,1292.900154,482.5674529,410.0698074,0,0,0,0,0,0,0,71.01487255,195.2908995,468.7199785,159.7834632,0,0,1264.412458,26.31574273,0,0,0,0,0,53.23993523,0,498.131666,87.1283988,0,0.344827586,348,0,0,27,0,27,0,0,0,0,0,0,177,27,0,27,27,85.38108,1494.146,0,0,0,0,0,0,0,0,0,0,0,0,0,0,0,0,0,0,0,0,0,0,0,0,0,0,48,0,0,0,0,0,0,0,0,0,0,0,0,0,0,0,0,0,0,0,0,0,0,0,0,0,0,0,0,0,0,0,0,0,0,0,0,0,0,0,0,0,0,0,0,0,0,0,0,0,0,0,0,0,0,0,0,3,0,255.1
55-10-25-10,4.892184796,4.892184796,0.193393909,0.193393909,0.042056922,25.62903226,4899.516,4468.092,4895.349114,1916,198,-0.013021577,-0.102802957,0.102802957,0.013021577,0.067204301,0.166666667,0.325268817,14.66895085,9.604318829,2.626271656,-2.437974042,2.734050757,-2.341517783,5.675984529,0.241551123,0.796362379,0.279758494,10418.45252,256.0443995,224.0963442,224.0963442,184.4066033,143.4068371,143.4068371,106.2242382,106.2242382,80.53459653,80.53459653,59.56636023,59.56636023,-7.02,3.08E+144,306.8222521,191.0742381,116.1232129,2318.321066,0,0,0,0,0,0,0,0,0,39.4736141,298.5727023,1999.693449,0,0,0,0,0,0,230.7983358,521.0923826,0,1585.849047,0,0,0,0,0,0,0,0,1485.524803,521.0923826,331.1225792,0,0,0,0,0,0,0,112.4402149,118.3581209,500.8240866,201.7117211,0,0,1391.24775,13.15787137,0,0,0,0,0,59.51218345,0,582.3079931,31.67982342,0,0.322580645,372,0,0,33,0,33,0,0,0,0,0,0,177,33,0,33,33,88.78692,1581.842,0,0,0,0,0,0,0,0,0,0,0,0,0,0,0,0,0,0,0,0,0,0,0,0,0,0,48,0,0,0,0,0,0,0,0,0,0,0,0,0,0,0,0,0,0,0,0,0,0,0,0,0,0,0,0,0,0,0,0,0,0,0,0,0,0,0,0,0,0,0,0,0,0,0,0,0,0,0,0,0,0,0,0,9,0,255.57
5-85-5-5,4.586783687,4.586783687,0.21945335,0.21945335,0.053261737,19.36904762,3397.716,3026.772,3394.879612,1376,18,-0.013021577,-0.103082618,0.103082618,0.013021577,0.091269841,0.194444444,0.325396825,14.47651624,9.68006665,2.429111261,-2.362213171,2.542085711,-2.268281595,5.40480615,0.28529228,0.86063299,1.532695084,7420.222802,186.1549916,160.8643787,160.8643787,122.4182811,98.38656449,98.38656449,75.50206384,75.50206384,57.1820875,57.1820875,40.37460198,40.37460198,-14.82,1.47E+88,231.2674853,147.912451,99.41703391,1564.014855,0,0,0,0,0,0,0,0,0,335.5257199,389.7130039,851.48929,0,0,0,0,0,0,313.6490204,430.6979643,0,832.3810291,0,0,0,0,0,0,0,0,427.7150629,430.6979643,718.3149866,0,0,0,0,0,0,0,94.68649674,218.9625237,423.7742271,17.75371814,0,12.15204021,809.3990079,0,0,0,0,0,0,21.47529621,0,238.4894169,225.7019535,0,0.476190476,252,0,0,3,0,3,0,0,0,0,0,0,178,3,0,3,3,74.06332,1144.482,0,0,0,0,0,0,0,0,0,0,0,0,0,0,0,0,0,0,0,0,0,0,0,0,0,0,63,0,0,0,0,0,0,0,0,0,0,0,0,0,0,0,0,0,0,0,0,0,0,0,0,0,0,0,0,0,0,0,0,0,0,0,0,0,0,0,0,0,0,0,0,0,0,0,0,0,0,0,0,0,0,0,0,0,0,228.91
10-80-5-5,4.685976064,4.685976064,0.199223069,0.199223069,0.042056922,20.35227273,3547.896,3170.904,3544.926562,1430,36,-0.01302205,-0.103082618,0.103082618,0.01302205,0.090909091,0.212121212,0.386363636,14.51380111,9.643482434,2.467946208,-2.398031196,2.57685854,-2.305641375,5.44863378,0.266895077,0.803556635,0.921282521,7714.893133,193.3723237,167.1712615,167.1712615,128.5553792,102.7935693,102.7935693,78.67611987,78.67611987,60.06516809,60.06516809,42.69203275,42.69203275,-14.04,4.46E+93,238.3337606,150.4597671,97.93505473,1639.445476,0,0,0,0,0,0,0,0,0,315.7889128,371.4849436,965.5553325,0,0,0,0,0,0,313.6490204,430.6979643,0,908.4822042,0,0,0,0,0,0,0,0,541.7811054,430.6979643,680.3501192,0,0,0,0,0,0,0,112.4402149,201.2088056,423.7742271,35.50743628,0,12.15204021,867.7464649,0,0,0,0,0,0,24.99203629,0,266.685486,213.9891444,0,0.454545455,264,0,0,6,0,6,0,0,0,0,0,0,178,6,0,6,6,75.33394,1188.12,0,0,0,0,0,0,0,0,0,0,0,0,0,0,0,0,0,0,0,0,0,0,0,0,0,0,60,0,0,0,0,0,0,0,0,0,0,0,0,0,0,0,0,0,0,0,0,0,0,0,0,0,0,0,0,0,0,0,0,0,0,0,0,0,0,0,0,0,0,0,0,0,0,0,0,0,0,0,0,0,0,0,0,1,0,236.19
15-75-5-5,4.710070335,4.710070335,0.187113145,0.187113145,0.053261737,21.25,3698.076,3315.036,3694.973512,1484,54,-0.013021577,-0.103082618,0.103082618,0.013021577,0.086956522,0.210144928,0.402173913,14.5428075,9.625593577,2.497757116,-2.416122012,2.605090268,-2.322628996,5.484965875,0.255592869,0.823151657,0.686961152,8011.016114,200.5896559,173.4781444,173.4781444,134.7136452,107.1837374,107.1837374,81.8113124,81.8113124,62.95267329,62.95267329,45.27690833,45.27690833,-13.26,9.17E+100,245.5622153,153.2636564,97.05019715,1714.876097,0,0,0,0,0,0,0,0,0,296.0521058,346.3331461,1086.545112,0,0,0,0,0,0,313.6490204,430.6979643,0,984.5833793,0,0,0,0,0,0,0,0,655.8471479,430.6979643,642.3852519,0,0,0,0,0,0,0,159.7834632,153.8655572,423.7742271,53.26115442,0,6.076020107,925.5910063,6.578935684,0,0,0,0,0,28.41595121,0,294.6212503,202.6294652,0,0.434782609,276,0,0,9,0,9,0,0,0,0,0,0,178,9,0,9,9,76.60456,1231.758,0,0,0,0,0,0,0,0,0,0,0,0,0,0,0,0,0,0,0,0,0,0,0,0,0,0,57,0,0,0,0,0,0,0,0,0,0,0,0,0,0,0,0,0,0,0,0,0,0,0,0,0,0,0,0,0,0,0,0,0,0,0,0,0,0,0,0,0,0,0,0,0,0,0,0,0,0,0,0,0,0,0,0,0,0,240.1
20-70-5-5,4.783750934,4.783750934,0.158942444,0.158942444,0.053261737,22.07291667,3848.256,3459.168,3845.020462,1538,72,-0.013022049,-0.103082618,0.103082618,0.013022049,0.083333333,0.208333333,0.392361111,14.56462284,9.626141613,2.519971356,-2.415540398,2.627028933,-2.322101255,5.514896109,0.255112111,0.81689631,0.565495918,8308.544565,207.8069881,179.7850273,179.7850273,140.800233,111.540232,111.540232,85.22749739,85.22749739,65.65444628,65.65444628,47.32635434,47.32635434,-12.48,2.23E+106,252.9246893,156.2745378,97.89735287,1790.306718,0,0,0,0,0,0,0,0,0,276.3152987,328.1050858,1200.611155,0,0,0,0,0,0,313.6490204,430.6979643,0,1060.684554,0,0,0,0,0,0,0,0,769.9131904,430.6979643,604.4203845,0,0,0,0,0,0,0,153.8655572,159.7834632,423.7742271,71.01487255,0,6.076020107,970.7805919,19.73680705,0,0,0,0,0,32.28088082,0,323.0744124,190.3113734,0,0.416666667,288,0,0,12,0,12,0,0,0,0,0,0,178,12,0,12,12,77.87518,1275.396,0,0,0,0,0,0,0,0,0,0,0,0,0,0,0,0,0,0,0,0,0,0,0,0,0,0,54,0,0,0,0,0,0,0,0,0,0,0,0,0,0,0,0,0,0,0,0,0,0,0,0,0,0,0,0,0,0,0,0,0,0,0,0,0,0,0,0,0,0,0,0,0,0,0,0,0,0,0,0,0,0,0,0,0,0,244.16
25-65-5-5,4.761087133,4.761087133,0.169674192,0.169674192,0.053261737,22.94,3998.436,3603.3,3995.067413,1592,90,-0.013022049,-0.102813451,0.102813451,0.013022049,0.08,0.203333333,0.406666667,14.58576236,9.626297436,2.541611963,-2.415361764,2.647003824,-2.321972374,5.541672891,0.257942976,0.812047776,0.491589228,8628.207623,215.187457,186.2550469,186.2550469,146.8436834,115.9084307,115.9084307,88.48499046,88.48499046,68.81536185,68.81536185,49.6842201,49.6842201,-11.7,1.38E+112,260.3991726,158.6281663,96.54535039,1865.737339,0,0,0,0,0,0,0,0,0,256.5784917,323.7244998,1300.829723,0,0,0,0,0,0,319.5669265,424.7800583,0,1136.78573,0,0,0,0,0,0,0,0,889.8971389,424.7800583,566.4555171,0,0,0,0,0,0,0,201.2088056,118.3581209,410.9325839,88.76859069,0,6.076020107,1022.893915,32.89467842,0,0,0,0,0,36.14468436,0,348.8817226,180.9735931,0,0.4,300,0,0,15,0,15,0,0,0,0,0,0,177,15,0,15,15,79.0017,1318.964,0,0,0,0,0,0,0,0,0,0,0,0,0,0,0,0,0,0,0,0,0,0,0,0,0,0,51,0,0,0,0,0,0,0,0,0,0,0,0,0,0,0,0,0,0,0,0,0,0,0,0,0,0,0,0,0,0,0,0,0,0,0,0,0,0,0,0,0,0,0,0,0,0,0,0,0,0,0,0,0,0,0,0,0,0,245.67
30-60-5-5,4.836559198,4.836559198,0.175035333,0.175035333,0.042056922,23.42307692,4148.616,3747.432,4145.114363,1646,108,-0.013021577,-0.103082794,0.103082794,0.013021577,0.076923077,0.205128205,0.413461538,14.60237861,9.627996697,2.558425201,-2.414672713,2.664273645,-2.315193936,5.564900744,0.254922371,0.81754051,0.405510222,8886.789498,222.0785158,192.2356564,192.2356564,153.1762509,120.4840317,120.4840317,91.27036724,91.27036724,71.29005863,71.29005863,52.21763077,52.21763077,-10.92,1.51E+117,267.9682155,163.5799957,97.86879432,1941.16796,0,0,0,0,0,0,0,0,0,236.8416846,291.6489651,1428.74324,0,0,0,0,0,0,307.7311144,436.6158704,0,1212.886905,0,0,0,0,0,0,0,0,992.1273693,436.6158704,528.4906497,0,0,0,0,0,0,0,189.3729935,118.3581209,436.6158704,106.5223088,0,6.076020107,1047.65709,52.63148547,0,0,0,0,0,39.41606006,0,381.7498402,164.1674331,0,0.384615385,312,0,0,18,0,18,0,0,0,0,0,0,179,18,0,18,18,80.56052,1362.742,0,0,0,0,0,0,0,0,0,0,0,0,0,0,0,0,0,0,0,0,0,0,0,0,0,0,48,0,0,0,0,0,0,0,0,0,0,0,0,0,0,0,0,0,0,0,0,0,0,0,0,0,0,0,0,0,0,0,0,0,0,0,0,0,0,0,0,0,0,0,0,0,0,0,0,0,0,0,0,0,0,0,0,3,0,246.07
35-55-5-5,4.833989226,4.833989226,0.153869576,0.153869576,0.042056922,24.17592593,4298.796,3891.564,4295.161313,1700,126,-0.013021577,-0.103082978,0.103082978,0.013021577,0.077160494,0.206790123,0.432098765,14.62337998,9.616834196,2.579868625,-2.425022867,2.684921674,-2.330647601,5.591580325,0.250893473,0.810815468,0.392877196,9209.13386,229.4589847,198.705676,198.705676,159.1566856,124.7444098,124.7444098,94.96185369,94.96185369,73.97575987,73.97575987,54.34337881,54.34337881,-10.14,2.67E+123,275.6178079,166.2133935,98.95358358,2016.598581,0,0,0,0,0,0,0,0,0,217.1048776,280.344642,1535.885545,0,0,0,0,0,0,313.6490204,430.6979643,0,1288.98808,0,0,0,0,0,0,0,0,1112.111318,430.6979643,490.5257824,0,0,0,0,0,0,0,183.4550874,130.193933,423.7742271,124.276027,0,0,1119.004305,52.63148547,0,0,0,0,0,44.16053163,0,409.1123466,152.3937885,0,0.37037037,324,0,0,21,0,21,0,0,0,0,0,0,178,21,0,21,21,81.68704,1406.31,0,0,0,0,0,0,0,0,0,0,0,0,0,0,0,0,0,0,0,0,0,0,0,0,0,0,45,0,0,0,0,0,0,0,0,0,0,0,0,0,0,0,0,0,0,0,0,0,0,0,0,0,0,0,0,0,0,0,0,0,0,0,0,0,0,0,0,0,0,0,0,0,0,0,0,0,0,0,0,0,0,0,0,1,0,246.22
40-50-5-5,4.899135384,4.899135384,0.136305234,0.136305234,0.053261737,24.77678571,4448.976,4035.696,4445.208263,1754,144,-0.013022049,-0.103082618,0.103082618,0.013022049,0.071428571,0.1875,0.383928571,14.64379169,9.61590176,2.600566496,-2.426046493,2.705047109,-2.33143672,5.615447828,0.248085517,0.8286982,0.378005342,9511.867871,236.6763168,205.0125589,205.0125589,165.2601101,129.1177411,129.1177411,98.28542364,98.28542364,76.77893426,76.77893426,56.37210541,56.37210541,-9.36,1.29E+128,283.3365725,169.7508381,100.1672661,2092.029203,0,0,0,0,0,0,0,0,0,197.3680705,262.1165817,1649.951587,0,0,0,0,0,0,313.6490204,430.6979643,0,1365.089255,0,0,0,0,0,0,0,0,1226.17736,430.6979643,452.560915,0,0,0,0,0,0,0,230.7983358,82.85068465,423.7742271,142.0297451,0,6.076020107,1118.644256,105.2629709,0,0,0,0,0,47.02809866,0,438.3157428,140.3228252,0,0.357142857,336,0,0,24,0,24,0,0,0,0,0,0,178,24,0,24,24,82.95766,1449.948,0,0,0,0,0,0,0,0,0,0,0,0,0,0,0,0,0,0,0,0,0,0,0,0,0,0,42,0,0,0,0,0,0,0,0,0,0,0,0,0,0,0,0,0,0,0,0,0,0,0,0,0,0,0,0,0,0,0,0,0,0,0,0,0,0,0,0,0,0,0,0,0,0,0,0,0,0,0,0,0,0,0,0,0,0,251.24
45-45-5-5,5.058168366,5.058168366,0.105905178,0.105905178,0.053261737,25.43103448,4599.156,4179.828,4595.255213,1808,162,-0.013021758,-0.102813451,0.102813451,0.013021758,0.07183908,0.189655172,0.408045977,14.66085524,9.602321419,2.617745108,-2.440089294,2.722440169,-2.343518525,5.637272432,0.236039718,0.805345915,0.365722186,9836.916051,244.0567857,211.4825785,211.4825785,171.2785495,133.3849193,133.3849193,101.8230505,101.8230505,79.55869816,79.55869816,59.02154636,59.02154636,-8.58,2.19E+134,291.1151752,172.6398749,101.158818,2167.459824,0,0,0,0,0,0,0,0,0,177.6312635,243.8885214,1764.01763,0,0,0,0,0,0,319.5669265,424.7800583,0,1441.19043,0,0,0,0,0,0,0,0,1346.161309,424.7800583,414.5960476,0,0,0,0,0,0,0,201.2088056,118.3581209,410.9325839,159.7834632,0,0,1236.04402,59.21042115,0,0,0,0,0,51.34389444,0,466.3196892,128.3364164,0,0.344827586,348,0,0,27,0,27,0,0,0,0,0,0,177,27,0,27,27,84.08418,1493.516,0,0,0,0,0,0,0,0,0,0,0,0,0,0,0,0,0,0,0,0,0,0,0,0,0,0,39,0,0,0,0,0,0,0,0,0,0,0,0,0,0,0,0,0,0,0,0,0,0,0,0,0,0,0,0,0,0,0,0,0,0,0,0,0,0,0,0,0,0,0,0,0,0,0,0,0,0,0,0,0,0,0,0,0,0,255.15
50-40-5-5,4.976072817,4.976072817,0.137818907,0.137818907,0.053261737,25.85833333,4749.336,4323.96,4745.302164,1862,180,-0.013021948,-0.103082618,0.103082618,0.013021948,0.066666667,0.180555556,0.391666667,14.67445009,9.617254817,2.63159408,-2.425035929,2.736398029,-2.328783657,5.657872586,0.250351077,0.798182649,0.324511733,10120.93038,251.1109812,217.6263246,217.6263246,177.4669591,137.8644038,137.8644038,104.9563743,104.9563743,82.16994036,82.16994036,61.09625204,61.09625204,-7.8,6.62E+138,298.9458867,177.0682336,102.9018472,2242.890445,0,0,0,0,0,0,0,0,0,157.8944564,225.660461,1878.083672,0,0,0,0,0,0,313.6490204,430.6979643,0,1517.291605,0,0,0,0,0,0,0,0,1454.309445,430.6979643,376.6311803,0,0,0,0,0,0,0,230.7983358,82.85068465,423.7742271,177.5371814,0,6.076020107,1261.654913,78.9472282,0,0,0,0,0,55.51116844,0,496.616614,113.5388842,0,0.333333333,360,0,0,30,0,30,0,0,0,0,0,0,178,30,0,30,30,85.4989,1537.224,0,0,0,0,0,0,0,0,0,0,0,0,0,0,0,0,0,0,0,0,0,0,0,0,0,0,36,0,0,0,0,0,0,0,0,0,0,0,0,0,0,0,0,0,0,0,0,0,0,0,0,0,0,0,0,0,0,0,0,0,0,0,0,0,0,0,0,0,0,0,0,0,0,0,0,0,0,0,0,0,0,0,0,0,0,255.55
5-65-10-20,4.594515775,4.594515775,0.252881515,0.252881515,0.042056922,18.54761905,3397.716,3026.772,3394.879612,1376,18,-0.01303243,-0.10281345,0.10281345,0.01303243,0.095238095,0.202380952,0.353174603,14.45323558,9.668104047,2.40700601,-2.374318155,2.519322978,-2.279878539,5.404832141,0.277522494,0.840239911,1.319528448,7416.621304,184.3604878,161.0275154,161.0275154,123.167913,99.39826861,99.39826861,73.43075304,73.43075304,54.45833684,54.45833684,36.90455924,36.90455924,-14.82,3.73E+89,231.2674853,159.5017057,112.7727445,1564.014855,0,0,0,0,0,0,0,0,0,256.5784917,462.6252452,857.524277,0,0,0,0,0,0,248.5520539,501.8299177,0,826.3460422,0,0,0,0,0,0,0,0,362.6180964,501.8299177,712.2799997,0,0,0,0,0,0,0,17.75371814,230.7983358,487.9824433,17.75371814,0,6.076020107,816.3637783,0,0,0,0,0,0,20.58554047,0,282.5544265,172.860033,0,0.476190476,252,0,0,3,0,3,0,0,0,0,0,0,177,3,0,3,3,75.64842,1145.252,0,0,0,0,0,0,0,0,0,0,0,0,0,0,0,0,0,0,0,0,0,0,0,0,0,0,75,0,0,0,0,0,0,0,0,0,0,0,0,0,0,0,0,0,0,0,0,0,0,0,0,0,0,0,0,0,0,0,0,0,0,0,0,0,0,0,0,0,0,0,0,0,0,0,0,0,0,0,0,0,0,0,0,3,0,230.97
10-60-10-20,4.593713095,4.593713095,0.221268708,0.221268708,0.042056922,19.56818182,3547.896,3170.904,3544.926562,1430,36,-0.01303243,-0.102803143,0.102803143,0.01303243,0.087121212,0.212121212,0.412878788,14.47193548,9.68008254,2.425093824,-2.362202018,2.541655116,-2.268270741,5.441690311,0.284189088,0.843396015,0.875082958,7711.39001,191.57782,167.3343983,167.3343983,129.2756688,103.7379264,103.7379264,76.80807452,76.80807452,56.95808108,56.95808108,39.72029047,39.72029047,-14.04,1.19E+94,238.3337606,161.4002521,111.6949763,1639.445476,0,0,0,0,0,0,0,0,0,236.8416846,437.4734477,978.5140566,0,0,0,0,0,0,248.5520539,501.8299177,0,902.4472173,0,0,0,0,0,0,0,0,476.6841389,501.8299177,674.3151323,0,0,0,0,0,0,0,82.85068465,165.7013693,487.9824433,35.50743628,0,0,880.7872554,0,0,0,0,0,0,23.04971446,0,309.848863,163.1014226,0,0.454545455,264,0,0,6,0,6,0,0,0,0,0,0,177,6,0,6,6,76.91904,1188.89,0,0,0,0,0,0,0,0,0,0,0,0,0,0,0,0,0,0,0,0,0,0,0,0,0,0,72,0,0,0,0,0,0,0,0,0,0,0,0,0,0,0,0,0,0,0,0,0,0,0,0,0,0,0,0,0,0,0,0,0,0,0,0,0,0,0,0,0,0,0,0,0,0,0,0,0,0,0,0,0,0,0,0,8,0,231.72
15-55-10-20,4.720738172,4.720738172,0.196347509,0.196347509,0.042056922,20.38043478,3698.076,3315.036,3694.973512,1484,54,-0.013021948,-0.103082794,0.103082794,0.013021948,0.09057971,0.242753623,0.47826087,14.51127825,9.627650261,2.466448147,-2.413805144,2.57638108,-2.320907704,5.480025593,0.259675804,0.814392633,0.586919801,7987.016114,198.6320154,173.4781444,173.4781444,135.4597471,108.2510844,108.2510844,79.91145761,79.91145761,59.56080121,59.56080121,41.66029866,41.66029866,-13.26,7.39E+100,245.5622153,164.6570456,110.6383587,1714.876097,0,0,0,0,0,0,0,0,0,217.1048776,426.1691246,1085.656362,0,0,0,0,0,0,242.6341479,507.7478238,0,978.5483924,0,0,0,0,0,0,0,0,584.8322753,507.7478238,636.3502649,0,0,0,0,0,0,0,71.01487255,171.6192753,500.8240866,53.26115442,0,6.076020107,919.5560194,6.578935684,0,0,0,0,0,27.84104711,0,341.851728,145.9738916,0,0.434782609,276,0,0,9,0,9,0,0,0,0,0,0,178,9,0,9,9,78.33376,1232.598,0,0,0,0,0,0,0,0,0,0,0,0,0,0,0,0,0,0,0,0,0,0,0,0,0,0,69,0,0,0,0,0,0,0,0,0,0,0,0,0,0,0,0,0,0,0,0,0,0,0,0,0,0,0,0,0,0,0,0,0,0,0,0,0,0,0,0,0,0,0,0,0,0,0,0,0,0,0,0,0,0,0,0,8,0,237.93
20-50-10-20,4.612907245,4.612907245,0.252903553,0.252903553,0.042056922,21.35416667,3848.256,3459.168,3845.020462,1538,72,-0.013021948,-0.102803143,0.102803143,0.013021948,0.079861111,0.204861111,0.4375,14.52895245,9.65956957,2.484212669,-2.382394739,2.595230455,-2.289154225,5.507275163,0.279511961,0.828324105,0.497030585,8305.228668,206.0124843,179.948164,179.948164,141.5667016,112.5687729,112.5687729,83.07547694,83.07547694,62.96627076,62.96627076,44.18086914,44.18086914,-12.48,3.08E+105,252.9246893,166.2080624,107.5886125,1790.306718,0,0,0,0,0,0,0,0,0,197.3680705,401.0173271,1206.646142,0,0,0,0,0,0,248.5520539,501.8299177,0,1054.649567,0,0,0,0,0,0,0,0,704.8162239,501.8299177,598.3853976,0,0,0,0,0,0,0,17.75371814,230.7983358,487.9824433,71.01487255,0,0,997.4821693,0,0,0,0,0,0,32.7950277,0,366.6983022,136.5066701,0,0.416666667,288,0,0,12,0,12,0,0,0,0,0,0,177,12,0,12,12,79.46028,1276.166,0,0,0,0,0,0,0,0,0,0,0,0,0,0,0,0,0,0,0,0,0,0,0,0,0,0,66,0,0,0,0,0,0,0,0,0,0,0,0,0,0,0,0,0,0,0,0,0,0,0,0,0,0,0,0,0,0,0,0,0,0,0,0,0,0,0,0,0,0,0,0,0,0,0,0,0,0,0,0,0,0,0,0,4,0,241.4
25-45-10-20,4.712257115,4.712257115,0.268823764,0.268823764,0.042056922,21.92,3998.436,3603.3,3995.067413,1592,90,-0.013021948,-0.103082794,0.103082794,0.013021948,0.08,0.226666667,0.483333333,14.54470011,9.645601858,2.500213548,-2.396027389,2.612277729,-2.301833256,5.533575332,0.28547828,0.829121,0.406870143,8562.666788,212.9035431,185.9287735,185.9287735,147.7727493,117.0938636,117.0938636,86.30710681,86.30710681,65.14520328,65.14520328,45.95445121,45.95445121,-11.7,1.33E+111,260.3991726,170.8159512,110.4668577,1865.737339,0,0,0,0,0,0,0,0,0,177.6312635,382.7892667,1320.712184,0,0,0,0,0,0,236.7162418,513.6657298,0,1130.750743,0,0,0,0,0,0,0,0,807.0464543,513.6657298,560.4205302,0,0,0,0,0,0,0,11.83581209,224.8804298,513.6657298,88.76859069,0,6.076020107,1029.327196,6.578935684,0,0,0,0,0,36.5897387,0,399.8533114,118.8902833,0,0.4,300,0,0,15,0,15,0,0,0,0,0,0,179,15,0,15,15,81.0191,1319.944,0,0,0,0,0,0,0,0,0,0,0,0,0,0,0,0,0,0,0,0,0,0,0,0,0,0,63,0,0,0,0,0,0,0,0,0,0,0,0,0,0,0,0,0,0,0,0,0,0,0,0,0,0,0,0,0,0,0,0,0,0,0,0,0,0,0,0,0,0,0,0,0,0,0,0,0,0,0,0,0,0,0,0,7,0,243.81
30-40-10-20,4.897411592,4.897411592,0.162014633,0.162014633,0.042056922,22.65384615,4148.616,3747.432,4145.114363,1646,108,-0.013021758,-0.103082794,0.103082794,0.013021758,0.076923077,0.217948718,0.461538462,14.5862962,9.613371726,2.542470844,-2.429282884,2.650772847,-2.332197431,5.565398992,0.246263969,0.808365967,0.363061638,8862.789498,220.1208753,192.2356564,192.2356564,153.8761738,121.4671949,121.4671949,89.64258215,89.64258215,67.64038951,67.64038951,48.55666739,48.55666739,-10.92,9.05E+117,267.9682155,173.7200319,110.6417632,1941.16796,0,0,0,0,0,0,0,0,0,157.8944564,364.5612064,1434.778227,0,0,0,0,0,0,236.7162418,513.6657298,0,1206.851918,0,0,0,0,0,0,0,0,921.1124967,513.6657298,522.4556628,0,0,0,0,0,0,0,94.68649674,142.0297451,507.2449082,112.9431305,0,6.076020107,1061.35891,32.89467842,0,0,0,0,0,38.91415012,0,430.4795337,105.9396495,0,0.384615385,312,0,0,18,0,18,0,0,0,0,0,0,179,18,0,18,18,82.28972,1363.582,0,0,0,0,0,0,0,0,0,0,0,0,0,0,0,0,0,0,0,0,0,0,0,0,0,0,60,0,0,0,0,0,0,0,0,0,0,0,0,0,0,0,0,0,0,0,0,0,0,0,0,0,0,0,0,0,0,0,0,0,0,0,0,0,0,0,0,0,0,0,0,0,0,0,0,0,0,0,0,0,0,0,0,10,0,244.36
35-35-10-20,4.767096454,4.767096454,0.230547835,0.230547835,0.042056922,23.53703704,4298.796,3891.564,4295.161313,1700,126,-0.013021577,-0.102803142,0.102803142,0.013021577,0.077160494,0.206790123,0.435185185,14.60022964,9.61293204,2.556645198,-2.429545901,2.665050318,-2.330751227,5.588959447,0.261128012,0.805928567,0.348868974,9206.077825,227.6644809,198.8688127,198.8688127,159.8221336,125.6719302,125.6719302,93.26910567,93.26910567,70.77031485,70.77031485,51.04108585,51.04108585,-10.14,2.00E+123,275.6178079,175.1011271,109.3962431,2016.598581,0,0,0,0,0,0,0,0,0,138.1576494,353.2568833,1541.920532,0,0,0,0,0,0,248.5520539,501.8299177,0,1282.953093,0,0,0,0,0,0,0,0,1047.014351,501.8299177,484.4907954,0,0,0,0,0,0,0,41.42534232,207.1267116,487.9824433,124.276027,0,0,1165.945605,6.578935684,0,0,0,0,0,44.71551703,0,453.2085118,98.07597114,0,0.37037037,324,0,0,21,0,21,0,0,0,0,0,0,177,21,0,21,21,83.27214,1407.08,0,0,0,0,0,0,0,0,0,0,0,0,0,0,0,0,0,0,0,0,0,0,0,0,0,0,57,0,0,0,0,0,0,0,0,0,0,0,0,0,0,0,0,0,0,0,0,0,0,0,0,0,0,0,0,0,0,0,0,0,0,0,0,0,0,0,0,0,0,0,0,0,0,0,0,0,0,0,0,0,0,0,0,6,0,245.47
40-30-10-20,4.796343525,4.796343525,0.194416689,0.194416689,0.042056922,23.96428571,4448.976,4035.696,4445.208263,1754,144,-0.013021758,-0.103082978,0.103082978,0.013021758,0.071428571,0.205357143,0.455357143,14.61694742,9.620010272,2.573781918,-2.421933128,2.681300945,-2.327851987,5.610335435,0.248639225,0.803086176,0.287885631,9466.847612,234.5555396,204.8494222,204.8494222,166.1503699,130.2812046,130.2812046,96.00259961,96.00259961,73.31842244,73.31842244,53.42963227,53.42963227,-9.36,1.06E+128,283.3365725,180.0092278,110.1385639,2092.029203,0,0,0,0,0,0,0,0,0,118.4208423,328.1050858,1662.910312,0,0,0,0,0,0,236.7162418,513.6657298,0,1359.054268,0,0,0,0,0,0,0,0,1149.244582,513.6657298,446.5259281,0,0,0,0,0,0,0,82.85068465,153.8655572,507.2449082,148.4505667,0,0,1177.550909,39.4736141,0,0,0,0,0,47.61385209,0,485.7083682,82.01111301,0,0.357142857,336,0,0,24,0,24,0,0,0,0,0,0,179,24,0,24,24,84.83096,1450.858,0,0,0,0,0,0,0,0,0,0,0,0,0,0,0,0,0,0,0,0,0,0,0,0,0,0,54,0,0,0,0,0,0,0,0,0,0,0,0,0,0,0,0,0,0,0,0,0,0,0,0,0,0,0,0,0,0,0,0,0,0,0,0,0,0,0,0,0,0,0,0,0,0,0,0,0,0,0,0,0,0,0,0,9,0,247.72
45-25-10-20,4.640790535,4.640790535,0.270516558,0.270516558,0.042056922,24.64655172,4599.156,4179.828,4595.255213,1808,162,-0.013021577,-0.102803143,0.102803143,0.013021577,0.074712644,0.198275862,0.41091954,14.62688581,9.623844471,2.583702255,-2.418406975,2.693312746,-2.319166935,5.631271186,0.277891764,0.808541988,0.292373608,9791.811,241.9360085,211.3194418,211.3194418,172.1182991,134.4978725,134.4978725,99.77044999,99.77044999,76.11381582,76.11381582,55.4454699,55.4454699,-8.58,6.63E+132,291.1151752,182.5483317,111.8109389,2167.459824,0,0,0,0,0,0,0,0,0,98.68403525,309.8770254,1776.976354,0,0,0,0,0,0,242.6341479,507.7478238,0,1435.155443,0,0,0,0,0,0,0,0,1269.22853,507.7478238,408.5610607,0,0,0,0,0,0,0,11.83581209,230.7983358,494.403265,166.2042849,0,0,1282.295717,0,0,0,0,0,0,53.1610136,0,512.2221843,70.28346876,0,0.344827586,348,0,0,27,0,27,0,0,0,0,0,0,178,27,0,27,27,85.95748,1494.426,0,0,0,0,0,0,0,0,0,0,0,0,0,0,0,0,0,0,0,0,0,0,0,0,0,0,51,0,0,0,0,0,0,0,0,0,0,0,0,0,0,0,0,0,0,0,0,0,0,0,0,0,0,0,0,0,0,0,0,0,0,0,0,0,0,0,0,0,0,0,0,0,0,0,0,0,0,0,0,0,0,0,0,4,0,250.13
50-20-10-20,4.808696338,4.808696338,0.224576807,0.224576807,0.042056922,25.19166667,4749.336,4323.96,4745.302164,1862,180,-0.013021577,-0.102803142,0.102803142,0.013021577,0.069444444,0.180555556,0.369444444,14.65370997,9.621552862,2.610938248,-2.420137869,2.718249367,-2.325123517,5.654731505,0.261922898,0.811745933,0.27534679,10096.93038,249.1533407,217.6263246,217.6263246,178.2553971,138.9048774,138.9048774,102.9326006,102.9326006,78.84930874,78.84930874,58.05989512,58.05989512,-7.8,1.60E+139,298.9458867,186.0096833,112.1018493,2242.890445,0,0,0,0,0,0,0,0,0,78.9472282,291.6489651,1891.042397,0,0,0,0,0,0,242.6341479,507.7478238,0,1511.256618,0,0,0,0,0,0,0,0,1383.294573,507.7478238,370.5961933,0,0,0,0,0,0,0,71.01487255,171.6192753,494.403265,183.958003,0,0,1307.748496,32.89467842,0,0,0,0,0,56.52700801,0,541.2228737,57.91678493,0,0.333333333,360,0,0,30,0,30,0,0,0,0,0,0,178,30,0,30,30,87.2281,1538.064,0,0,0,0,0,0,0,0,0,0,0,0,0,0,0,0,0,0,0,0,0,0,0,0,0,0,48,0,0,0,0,0,0,0,0,0,0,0,0,0,0,0,0,0,0,0,0,0,0,0,0,0,0,0,0,0,0,0,0,0,0,0,0,0,0,0,0,0,0,0,0,0,0,0,0,0,0,0,0,0,0,0,0,6,0,250.33
5-75-15-5,4.542573009,4.542573009,0.267416959,0.267416959,0.042056922,18.89285714,3397.716,3026.772,3394.879612,1376,18,-0.01303243,-0.102803143,0.102803143,0.01303243,0.103174603,0.23015873,0.404761905,14.44463437,9.684315559,2.396167778,-2.357625008,2.515180536,-2.263948696,5.393967174,0.297613548,0.843309816,1.45442123,7408.222802,185.1761713,160.8643787,160.8643787,122.8146658,98.89336454,98.89336454,74.50586222,74.50586222,55.70730199,55.70730199,38.471372,38.471372,-14.82,4.95E+88,231.2674853,154.0709665,107.6207569,1564.014855,0,0,0,0,0,0,0,0,0,296.0521058,419.2453874,861.4305207,0,0,0,0,0,0,278.1415842,469.2228941,0,829.3635356,0,0,0,0,0,0,0,0,392.2076267,469.2228941,715.2974931,0,0,0,0,0,0,0,29.58953023,248.5520539,455.8783352,24.17453976,0,0,818.5335547,0,0,0,0,0,0,21.15096822,0,261.2485746,198.2671238,0,0.476190476,252,0,0,3,0,3,0,0,0,0,0,0,178,3,0,3,3,74.92792,1144.902,0,0,0,0,0,0,0,0,0,0,0,0,0,0,0,0,0,0,0,0,0,0,0,0,0,0,69,0,0,0,0,0,0,0,0,0,0,0,0,0,0,0,0,0,0,0,0,0,0,0,0,0,0,0,0,0,0,0,0,0,0,0,0,0,0,0,0,0,0,0,0,0,0,0,0,0,0,0,0,0,0,0,0,1,0,233.73
10-70-15-5,4.64058673,4.64058673,0.242204247,0.242204247,0.042056922,20.02272727,3547.896,3170.904,3544.926562,1430,36,-0.01302205,-0.102803142,0.102803142,0.01302205,0.09469697,0.231060606,0.439393939,14.49309516,9.641852629,2.447035072,-2.399797914,2.558924067,-2.307018118,5.446846273,0.267627235,0.819618649,0.862174342,7723.39001,192.5566402,167.3343983,167.3343983,128.8456106,103.2042529,103.2042529,77.93023426,77.93023426,58.53339671,58.53339671,41.09164618,41.09164618,-14.04,1.61E+95,238.3337606,155.2902503,104.7512231,1639.445476,0,0,0,0,0,0,0,0,0,276.3152987,407.9410643,968.572826,0,0,0,0,0,0,284.0594902,463.304988,0,905.4647107,0,0,0,0,0,0,0,0,512.1915752,463.304988,677.3326258,0,0,0,0,0,0,0,71.01487255,213.0446177,449.4575136,35.50743628,0,0,883.8047488,0,0,0,0,0,0,24.96313284,0,286.9868418,189.0500253,0,0.454545455,264,0,0,6,0,6,0,0,0,0,0,0,177,6,0,6,6,76.05444,1188.47,0,0,0,0,0,0,0,0,0,0,0,0,0,0,0,0,0,0,0,0,0,0,0,0,0,0,66,0,0,0,0,0,0,0,0,0,0,0,0,0,0,0,0,0,0,0,0,0,0,0,0,0,0,0,0,0,0,0,0,0,0,0,0,0,0,0,0,0,0,0,0,0,0,0,0,0,0,0,0,0,0,0,0,3,0,234.13
15-65-15-5,4.560816802,4.560816802,0.281553935,0.281553935,0.042056922,20.81521739,3698.076,3315.036,3694.973512,1484,54,-0.013021577,-0.103082794,0.103082794,0.013021577,0.09057971,0.224637681,0.438405797,14.51401174,9.658507883,2.468549998,-2.383600561,2.57958954,-2.290117049,5.476920991,0.274391844,0.821201784,0.630126074,7999.016114,199.6108357,173.4781444,173.4781444,135.0845305,107.7342477,107.7342477,80.84641462,80.84641462,61.27779803,61.27779803,43.44364082,43.44364082,-13.26,3.92E+99,245.5622153,158.807203,103.2600222,1714.876097,0,0,0,0,0,0,0,0,0,256.5784917,389.7130039,1082.638868,0,0,0,0,0,0,278.1415842,469.2228941,0,981.5658858,0,0,0,0,0,0,0,0,620.3397116,469.2228941,639.3677584,0,0,0,0,0,0,0,5.917906046,272.2236781,462.2991569,53.26115442,0,6.076020107,929.1524485,0,0,0,0,0,0,29.06744187,0,317.6137146,173.9855102,0,0.434782609,276,0,0,9,0,9,0,0,0,0,0,0,178,9,0,9,9,77.46916,1232.178,0,0,0,0,0,0,0,0,0,0,0,0,0,0,0,0,0,0,0,0,0,0,0,0,0,0,63,0,0,0,0,0,0,0,0,0,0,0,0,0,0,0,0,0,0,0,0,0,0,0,0,0,0,0,0,0,0,0,0,0,0,0,0,0,0,0,0,0,0,0,0,0,0,0,0,0,0,0,0,0,0,0,0,4,0,243.61
20-60-15-5,4.683706884,4.683706884,0.222538491,0.222538491,0.042056922,21.65625,3848.256,3459.168,3845.020462,1538,72,-0.013021948,-0.103082618,0.103082618,0.013021948,0.083333333,0.215277778,0.4375,14.55111842,9.639299301,2.506484909,-2.402254516,2.614534923,-2.309370413,5.511136132,0.272485361,0.800193186,0.544170007,8296.544565,206.8281679,179.7850273,179.7850273,141.2596334,112.1412525,112.1412525,83.88899212,83.88899212,64.19765538,64.19765538,46.25007018,46.25007018,-12.48,1.49E+105,252.9246893,161.5787969,101.8835376,1790.306718,0,0,0,0,0,0,0,0,0,236.8416846,364.5612064,1203.628648,0,0,0,0,0,0,278.1415842,469.2228941,0,1057.667061,0,0,0,0,0,0,0,0,734.4057541,469.2228941,601.402891,0,0,0,0,0,0,0,106.5223088,171.6192753,462.2991569,71.01487255,0,6.076020107,987.4999055,0,0,0,0,0,0,31.54819165,0,346.0356889,163.0827862,0,0.416666667,288,0,0,12,0,12,0,0,0,0,0,0,178,12,0,12,12,78.73978,1275.816,0,0,0,0,0,0,0,0,0,0,0,0,0,0,0,0,0,0,0,0,0,0,0,0,0,0,60,0,0,0,0,0,0,0,0,0,0,0,0,0,0,0,0,0,0,0,0,0,0,0,0,0,0,0,0,0,0,0,0,0,0,0,0,0,0,0,0,0,0,0,0,0,0,0,0,0,0,0,0,0,0,0,0,6,0,246.42
25-55-15-5,4.782283951,4.782283951,0.186702035,0.186702035,0.042056922,22.43,3998.436,3603.3,3995.067413,1592,90,-0.013021577,-0.103082618,0.103082618,0.013021577,0.08,0.216666667,0.476666667,14.56961897,9.617214976,2.52546315,-2.424647715,2.633277834,-2.330090197,5.539691646,0.253430747,0.809765546,0.479775067,8595.434273,214.0455001,186.0919102,186.0919102,147.3250531,116.5145839,116.5145839,87.34404062,87.34404062,66.96714261,66.96714261,47.89867585,47.89867585,-11.7,2.08E+112,260.3991726,164.5529375,102.7220619,1865.737339,0,0,0,0,0,0,0,0,0,217.1048776,353.2568833,1310.770953,0,0,0,0,0,0,278.1415842,469.2228941,0,1133.768236,0,0,0,0,0,0,0,0,848.4717966,469.2228941,563.4380236,0,0,0,0,0,0,0,112.4402149,165.7013693,462.2991569,88.76859069,0,12.15204021,1020.034535,19.73680705,0,0,0,0,0,36.39428626,0,374.8173484,149.455032,0,0.4,300,0,0,15,0,15,0,0,0,0,0,0,178,15,0,15,15,80.0104,1319.454,0,0,0,0,0,0,0,0,0,0,0,0,0,0,0,0,0,0,0,0,0,0,0,0,0,0,57,0,0,0,0,0,0,0,0,0,0,0,0,0,0,0,0,0,0,0,0,0,0,0,0,0,0,0,0,0,0,0,0,0,0,0,0,0,0,0,0,0,0,0,0,0,0,0,0,0,0,0,0,0,0,0,0,2,0,249.23
30-50-15-5,4.67061964,4.67061964,0.209519327,0.209519327,0.042056922,23.25,4148.616,3747.432,4145.114363,1646,108,-0.013021758,-0.102813451,0.102813451,0.013021758,0.080128205,0.211538462,0.442307692,14.59011894,9.607687151,2.546039222,-2.434859405,2.65471574,-2.335957795,5.566319897,0.252650811,0.811557024,0.394436539,8916.503642,221.4259689,192.5619298,192.5619298,153.2761455,120.7144151,120.7144151,91.20450603,91.20450603,69.44281641,69.44281641,50.20662627,50.20662627,-10.92,2.93E+117,267.9682155,166.8590561,104.5813187,1941.16796,0,0,0,0,0,0,0,0,0,197.3680705,335.028823,1424.836996,0,0,0,0,0,0,284.0594902,463.304988,0,1209.869411,0,0,0,0,0,0,0,0,968.4557451,463.304988,525.4731563,0,0,0,0,0,0,0,82.85068465,201.2088056,449.4575136,106.5223088,0,6.076020107,1111.118557,0,0,0,0,0,0,41.43765186,0,402.1912303,137.3711178,0,0.384615385,312,0,0,18,0,18,0,0,0,0,0,0,177,18,0,18,18,81.13692,1363.022,0,0,0,0,0,0,0,0,0,0,0,0,0,0,0,0,0,0,0,0,0,0,0,0,0,0,54,0,0,0,0,0,0,0,0,0,0,0,0,0,0,0,0,0,0,0,0,0,0,0,0,0,0,0,0,0,0,0,0,0,0,0,0,0,0,0,0,0,0,0,0,0,0,0,0,0,0,0,0,0,0,0,0,1,0,247.47
35-45-15-5,4.894106362,4.894106362,0.177922984,0.177922984,0.042056922,23.90740741,4298.796,3891.564,4295.161313,1700,126,-0.013021948,-0.102803143,0.102803143,0.013021948,0.070987654,0.188271605,0.435185185,14.61387236,9.616613157,2.570358361,-2.425382048,2.676728405,-2.330811455,5.590425792,0.249081016,0.81198428,0.373518048,9218.077825,228.6433011,198.8688127,198.8688127,159.5017586,125.1719302,125.1719302,94.01685997,94.01685997,72.67565316,72.67565316,52.94425274,52.94425274,-10.14,1.06E+123,275.6178079,170.1673279,103.0195461,2016.598581,0,0,0,0,0,0,0,0,0,177.6312635,309.8770254,1545.826776,0,0,0,0,0,0,284.0594902,463.304988,0,1285.970586,0,0,0,0,0,0,0,0,1082.521788,463.304988,487.5082889,0,0,0,0,0,0,0,124.276027,159.7834632,449.4575136,124.276027,0,0,1155.805227,19.73680705,0,0,0,0,0,44.26840808,0,429.5874938,127.1440981,0,0.37037037,324,0,0,21,0,21,0,0,0,0,0,0,177,21,0,21,21,82.40754,1406.66,0,0,0,0,0,0,0,0,0,0,0,0,0,0,0,0,0,0,0,0,0,0,0,0,0,0,51,0,0,0,0,0,0,0,0,0,0,0,0,0,0,0,0,0,0,0,0,0,0,0,0,0,0,0,0,0,0,0,0,0,0,0,0,0,0,0,0,0,0,0,0,0,0,0,0,0,0,0,0,0,0,0,0,2,0,248.05
40-40-15-5,4.722307662,4.722307662,0.227008147,0.227008147,0.042056922,24.32142857,4448.976,4035.696,4445.208263,1754,144,-0.013021758,-0.103082978,0.103082978,0.013021758,0.071428571,0.202380952,0.4375,14.62738312,9.611275226,2.583852593,-2.431212596,2.691819497,-2.33222923,5.612195544,0.258226065,0.809461917,0.307942587,9478.847612,235.5343599,204.8494222,204.8494222,165.6572961,129.6465106,129.6465106,97.49061879,97.49061879,74.59968448,74.59968448,54.58879558,54.58879558,-9.36,7.06E+128,283.3365725,175.1622403,107.4150675,2092.029203,0,0,0,0,0,0,0,0,0,157.8944564,291.6489651,1659.892818,0,0,0,0,0,0,272.2236781,475.1408001,0,1362.071761,0,0,0,0,0,0,0,0,1184.752018,475.1408001,449.5434215,0,0,0,0,0,0,0,59.17906046,213.0446177,475.1408001,142.0297451,0,6.076020107,1207.38706,6.578935684,0,0,0,0,0,49.38237155,0,464.1840367,106.7669251,0,0.357142857,336,0,0,24,0,24,0,0,0,0,0,0,179,24,0,24,24,83.96636,1450.438,0,0,0,0,0,0,0,0,0,0,0,0,0,0,0,0,0,0,0,0,0,0,0,0,0,0,48,0,0,0,0,0,0,0,0,0,0,0,0,0,0,0,0,0,0,0,0,0,0,0,0,0,0,0,0,0,0,0,0,0,0,0,0,0,0,0,0,0,0,0,0,0,0,0,0,0,0,0,0,0,0,0,0,4,0,253.93
45-35-15-5,4.892163362,4.892163362,0.1690534,0.1690534,0.042056922,25.0862069,4599.156,4179.828,4595.255213,1808,162,-0.013021758,-0.102813451,0.102813451,0.013021758,0.068965517,0.189655172,0.402298851,14.6497715,9.61431647,2.60681243,-2.42764866,2.712296146,-2.33176636,5.636300574,0.250592534,0.81169373,0.318667337,9824.916051,243.0779655,211.4825785,211.4825785,171.6494348,133.9354296,133.9354296,100.8331672,100.8331672,77.82779387,77.82779387,57.410356,57.410356,-8.58,1.80E+134,291.1151752,177.1101024,105.5792813,2167.459824,0,0,0,0,0,0,0,0,0,138.1576494,287.2683792,1760.111386,0,0,0,0,0,0,284.0594902,463.304988,0,1438.172937,0,0,0,0,0,0,0,0,1310.653873,463.304988,411.5785542,0,0,0,0,0,0,0,118.3581209,165.7013693,449.4575136,159.7834632,0,0,1246.184398,46.05254979,0,0,0,0,0,53.00756473,0,488.9096787,99.08275661,0,0.344827586,348,0,0,27,0,27,0,0,0,0,0,0,177,27,0,27,27,84.94878,1493.936,0,0,0,0,0,0,0,0,0,0,0,0,0,0,0,0,0,0,0,0,0,0,0,0,0,0,45,0,0,0,0,0,0,0,0,0,0,0,0,0,0,0,0,0,0,0,0,0,0,0,0,0,0,0,0,0,0,0,0,0,0,0,0,0,0,0,0,0,0,0,0,0,0,0,0,0,0,0,0,0,0,0,0,2,0,249.15
50-30-15-5,4.889008176,4.889008176,0.188353321,0.188353321,0.042056922,25.43333333,4749.336,4323.96,4745.302164,1862,180,-0.013021948,-0.103082794,0.103082794,0.013021948,0.066666667,0.191666667,0.427777778,14.66154419,9.615256997,2.618667135,-2.427297089,2.725290255,-2.32786989,5.655272909,0.258167366,0.800215517,0.29626036,10087.75313,249.9690243,217.4631879,217.4631879,177.9314921,138.4605203,138.4605203,103.8387309,103.8387309,80.37448747,80.37448747,59.29110885,59.29110885,-7.8,6.06E+138,298.9458867,182.2035699,108.2103365,2242.890445,0,0,0,0,0,0,0,0,0,118.4208423,255.1928445,1888.024903,0,0,0,0,0,0,272.2236781,475.1408001,0,1514.274112,0,0,0,0,0,0,0,0,1412.884103,475.1408001,373.6136868,0,0,0,0,0,0,0,112.4402149,159.7834632,468.7199785,183.958003,0,6.076020107,1271.450489,59.21042115,0,0,0,0,0,56.14259097,0,521.0630292,83.12771317,0,0.333333333,360,0,0,30,0,30,0,0,0,0,0,0,179,30,0,30,30,86.5076,1537.714,0,0,0,0,0,0,0,0,0,0,0,0,0,0,0,0,0,0,0,0,0,0,0,0,0,0,42,0,0,0,0,0,0,0,0,0,0,0,0,0,0,0,0,0,0,0,0,0,0,0,0,0,0,0,0,0,0,0,0,0,0,0,0,0,0,0,0,0,0,0,0,0,0,0,0,0,0,0,0,0,0,0,0,4,0,258.31
5-55-20-20,4.480262591,4.480262591,0.356388922,0.356388922,0.042056922,17.94047619,3397.716,3026.772,3394.879612,1376,18,-0.013032611,-0.103082794,0.103082794,0.013032611,0.099206349,0.23015873,0.424603175,14.40862333,9.6964588,2.361370223,-2.345031128,2.482634255,-2.250436824,5.398696552,0.336027203,0.850896203,1.289417387,7384.222802,183.2185308,160.8643787,160.8643787,123.6492827,100.0044218,100.0044218,72.26668641,72.26668641,52.61878423,52.61878423,35.2493727,35.2493727,-14.82,3.99E+88,231.2674853,167.6004902,123.4840987,1564.014855,0,0,0,0,0,0,0,0,0,217.1048776,492.1576287,867.4655076,0,0,0,0,0,0,207.1267116,546.2727535,0,823.3285487,0,0,0,0,0,0,0,0,321.1927541,546.2727535,709.2625062,0,0,0,0,0,0,0,0,207.1267116,532.9281947,24.17453976,0,6.076020107,806.4225476,0,0,0,0,0,0,19.59211593,0,308.3986646,142.6758862,0,0.476190476,252,0,0,3,0,3,0,0,0,0,0,0,178,3,0,3,3,76.65712,1145.742,0,0,0,0,0,0,0,0,0,0,0,0,0,0,0,0,0,0,0,0,0,0,0,0,0,0,81,0,0,0,0,0,0,0,0,0,0,0,0,0,0,0,0,0,0,0,0,0,0,0,0,0,0,0,0,0,0,0,0,0,0,0,0,0,0,0,0,0,0,0,0,0,0,0,0,0,0,0,0,0,0,0,0,9,0,234.13
10-50-20-20,4.481761953,4.481761953,0.311002863,0.311002863,0.042056922,18.98863636,3547.896,3170.904,3544.926562,1430,36,-0.013021577,-0.103082978,0.103082978,0.013021577,0.09469697,0.234848485,0.446969697,14.46468007,9.670531856,2.419246748,-2.371695415,2.532675381,-2.277798857,5.443853079,0.28486473,0.758082786,0.740901296,7678.893133,190.435863,167.1712615,167.1712615,129.7863807,104.4114266,104.4114266,75.44074245,75.44074245,55.31457742,55.31457742,37.94956919,37.94956919,-14.04,2.96E+93,238.3337606,168.9955521,119.3527595,1639.445476,0,0,0,0,0,0,0,0,0,197.3680705,473.9295683,981.5315501,0,0,0,0,0,0,207.1267116,546.2727535,0,899.4297238,0,0,0,0,0,0,0,0,435.2587966,546.2727535,671.2976388,0,0,0,0,0,0,0,0,207.1267116,526.5073731,48.34907952,0,6.076020107,864.7700046,0,0,0,0,0,0,23.11083563,0,335.8637503,131.6920807,0,0.454545455,264,0,0,6,0,6,0,0,0,0,0,0,178,6,0,6,6,77.92774,1189.38,0,0,0,0,0,0,0,0,0,0,0,0,0,0,0,0,0,0,0,0,0,0,0,0,0,0,78,0,0,0,0,0,0,0,0,0,0,0,0,0,0,0,0,0,0,0,0,0,0,0,0,0,0,0,0,0,0,0,0,0,0,0,0,0,0,0,0,0,0,0,0,0,0,0,0,0,0,0,0,0,0,0,0,12,0,240.25
15-45-20-20,4.552671559,4.552671559,0.296861705,0.296861705,0.042056922,19.94565217,3698.076,3315.036,3694.973512,1484,54,-0.013021758,-0.103082618,0.103082618,0.013021758,0.086956522,0.22826087,0.467391304,14.4833595,9.683800127,2.438256294,-2.357952507,2.552643367,-2.264951956,5.475541022,0.302857477,0.845259317,0.587427327,7975.016114,197.6531952,173.4781444,173.4781444,135.8686372,108.8015947,108.8015947,78.80317591,78.80317591,58.12096115,58.12096115,39.87828799,39.87828799,-13.26,5.25E+99,245.5622153,170.8361719,117.6107848,1714.876097,0,0,0,0,0,0,0,0,0,177.6312635,462.6252452,1088.673855,0,0,0,0,0,0,207.1267116,546.2727535,0,975.5308989,0,0,0,0,0,0,0,0,549.3248391,546.2727535,633.3327715,0,0,0,0,0,0,0,0,207.1267116,539.3490163,53.26115442,0,12.15204021,917.0414415,0,0,0,0,0,0,27.35968239,0,364.4044422,118.902542,0,0.434782609,276,0,0,9,0,9,0,0,0,0,0,0,178,9,0,9,9,79.19836,1233.018,0,0,0,0,0,0,0,0,0,0,0,0,0,0,0,0,0,0,0,0,0,0,0,0,0,0,75,0,0,0,0,0,0,0,0,0,0,0,0,0,0,0,0,0,0,0,0,0,0,0,0,0,0,0,0,0,0,0,0,0,0,0,0,0,0,0,0,0,0,0,0,0,0,0,0,0,0,0,0,0,0,0,0,9,0,242.86
20-40-20-20,4.579712561,4.579712561,0.264670387,0.264670387,0.042056922,20.9375,3848.256,3459.168,3845.020462,1538,72,-0.013021577,-0.102813451,0.102813451,0.013021577,0.086805556,0.222222222,0.454861111,14.51318342,9.652227235,2.468317688,-2.38975997,2.58193633,-2.289154665,5.505837965,0.294659942,0.830436548,0.461326061,8293.228668,205.0336641,179.948164,179.948164,141.8870766,113.0687729,113.0687729,82.34080273,82.34080273,60.90041156,60.90041156,42.49336914,42.49336914,-12.48,9.03E+105,252.9246893,172.0306316,115.9720716,1790.306718,0,0,0,0,0,0,0,0,0,157.8944564,444.3971849,1202.739898,0,0,0,0,0,0,213.0446177,540.3548475,0,1051.632074,0,0,0,0,0,0,0,0,669.3087876,540.3548475,595.3679041,0,0,0,0,0,0,0,11.83581209,201.2088056,520.0865515,77.43569418,0,0,994.4646759,0,0,0,0,0,0,31.31838373,0,390.156103,109.5255132,0,0.416666667,288,0,0,12,0,12,0,0,0,0,0,0,177,12,0,12,12,80.32488,1276.586,0,0,0,0,0,0,0,0,0,0,0,0,0,0,0,0,0,0,0,0,0,0,0,0,0,0,72,0,0,0,0,0,0,0,0,0,0,0,0,0,0,0,0,0,0,0,0,0,0,0,0,0,0,0,0,0,0,0,0,0,0,0,0,0,0,0,0,0,0,0,0,0,0,0,0,0,0,0,0,0,0,0,0,12,0,246.97
25-35-20-20,4.752405921,4.752405921,0.212682564,0.212682564,0.042056922,21.63,3998.436,3603.3,3995.067413,1592,90,-0.013021577,-0.103082978,0.103082978,0.013021577,0.083333333,0.22,0.426666667,14.55914727,9.623067991,2.515506457,-2.418755329,2.622980742,-2.324912251,5.540077022,0.253798841,0.813791397,0.41132384,8571.434273,212.0878596,186.0919102,186.0919102,148.1976748,117.6324411,117.6324411,84.96291056,84.96291056,63.69505674,63.69505674,45.56295513,45.56295513,-11.7,2.80E+112,260.3991726,175.5110582,112.9118226,1865.737339,0,0,0,0,0,0,0,0,0,138.1576494,419.2453874,1323.729678,0,0,0,0,0,0,207.1267116,546.2727535,0,1127.733249,0,0,0,0,0,0,0,0,777.456924,546.2727535,557.4030367,0,0,0,0,0,0,0,65.09696651,142.0297451,526.5073731,101.6102339,0,0,1019.572653,26.31574273,0,0,0,0,0,33.61979936,0,421.3886158,95.65825151,0,0.4,300,0,0,15,0,15,0,0,0,0,0,0,178,15,0,15,15,81.7396,1320.294,0,0,0,0,0,0,0,0,0,0,0,0,0,0,0,0,0,0,0,0,0,0,0,0,0,0,69,0,0,0,0,0,0,0,0,0,0,0,0,0,0,0,0,0,0,0,0,0,0,0,0,0,0,0,0,0,0,0,0,0,0,0,0,0,0,0,0,0,0,0,0,0,0,0,0,0,0,0,0,0,0,0,0,14,0,248.48
30-30-20-20,4.75823457,4.75823457,0.212958829,0.212958829,0.042056922,22.375,4148.616,3747.432,4145.114363,1646,108,-0.013021948,-0.102803143,0.102803143,0.013021948,0.083333333,0.224358974,0.483974359,14.57243017,9.629092511,2.528815158,-2.412792084,2.637691024,-2.319097812,5.562634346,0.257080046,0.819531653,0.373235975,8871.643724,219.3051918,192.3987931,192.3987931,154.2337523,121.9452255,121.9452255,88.58693802,88.58693802,66.37839388,66.37839388,47.17917561,47.17917561,-10.92,5.90E+117,267.9682155,178.2252661,114.8202379,1941.16796,0,0,0,0,0,0,0,0,0,118.4208423,407.4381487,1431.374898,0,0,0,0,0,0,207.1267116,546.2727535,0,1203.834424,0,0,0,0,0,0,0,0,891.5229665,546.2727535,519.4381694,0,0,0,0,0,0,0,59.17906046,147.9476512,539.3490163,106.5223088,0,0,1084.499046,19.73680705,0,0,0,0,0,37.81679787,0,450.098349,82.75151981,0,0.384615385,312,0,0,18,0,18,0,0,0,0,0,0,178,18,0,18,18,83.01022,1363.932,0,0,0,0,0,0,0,0,0,0,0,0,0,0,0,0,0,0,0,0,0,0,0,0,0,0,66,0,0,0,0,0,0,0,0,0,0,0,0,0,0,0,0,0,0,0,0,0,0,0,0,0,0,0,0,0,0,0,0,0,0,0,0,0,0,0,0,0,0,0,0,0,0,0,0,0,0,0,0,0,0,0,0,12,0,249.93
35-25-20-20,4.75097004,4.75097004,0.274308742,0.274308742,0.042056922,23.06481481,4298.796,3891.564,4295.161313,1700,126,-0.013021577,-0.103082978,0.103082978,0.013021577,0.077160494,0.206790123,0.438271605,14.58649432,9.61900906,2.542941546,-2.422807922,2.653359152,-2.327745755,5.586724066,0.261796557,0.80834735,0.331589541,9173.13386,226.5225239,198.705676,198.705676,160.3203401,126.2949201,126.2949201,92.03740947,92.03740947,68.9551995,68.9551995,49.48938766,49.48938766,-10.14,1.69E+123,275.6178079,181.133308,115.4743594,2016.598581,0,0,0,0,0,0,0,0,0,98.68403525,382.7892667,1551.861763,0,0,0,0,0,0,207.1267116,546.2727535,0,1279.935599,0,0,0,0,0,0,0,0,1005.589009,546.2727535,481.473302,0,0,0,0,0,0,0,11.83581209,195.2908995,539.3490163,124.276027,0,0,1149.425438,13.15787137,0,0,0,0,0,43.81427676,0,479.0153118,67.83707811,0,0.37037037,324,0,0,21,0,21,0,0,0,0,0,0,178,21,0,21,21,84.28084,1407.57,0,0,0,0,0,0,0,0,0,0,0,0,0,0,0,0,0,0,0,0,0,0,0,0,0,0,63,0,0,0,0,0,0,0,0,0,0,0,0,0,0,0,0,0,0,0,0,0,0,0,0,0,0,0,0,0,0,0,0,0,0,0,0,0,0,0,0,0,0,0,0,0,0,0,0,0,0,0,0,0,0,0,0,13,0,250.88
40-20-20-20,4.908144506,4.908144506,0.208907033,0.208907033,0.042056922,23.80357143,4448.976,4035.696,4445.208263,1754,144,-0.013021577,-0.102813451,0.102813451,0.013021577,0.074404762,0.196428571,0.398809524,14.6034147,9.623632303,2.560163221,-2.418326926,2.670328568,-2.322854063,5.60992752,0.263397706,0.811955267,0.330753161,9496.893502,233.9029928,205.1756956,205.1756956,166.3176115,130.578935,130.578935,95.60199442,95.60199442,71.7177995,71.7177995,51.85438128,51.85438128,-9.36,2.43E+128,283.3365725,183.353188,115.4789447,2092.029203,0,0,0,0,0,0,0,0,0,78.9472282,371.4849436,1659.004068,0,0,0,0,0,0,213.0446177,540.3548475,0,1356.036774,0,0,0,0,0,0,0,0,1125.572958,540.3548475,443.5084346,0,0,0,0,0,0,0,23.67162418,189.3729935,520.0865515,148.4505667,0,0,1221.275568,6.578935684,0,0,0,0,0,47.94853306,0,506.0895844,56.96188251,0,0.357142857,336,0,0,24,0,24,0,0,0,0,0,0,177,24,0,24,24,85.40736,1451.138,0,0,0,0,0,0,0,0,0,0,0,0,0,0,0,0,0,0,0,0,0,0,0,0,0,0,60,0,0,0,0,0,0,0,0,0,0,0,0,0,0,0,0,0,0,0,0,0,0,0,0,0,0,0,0,0,0,0,0,0,0,0,0,0,0,0,0,0,0,0,0,0,0,0,0,0,0,0,0,0,0,0,0,10,0,249.93
45-15-20-20,4.590707193,4.590707193,0.232998041,0.232998041,0.042056922,24.30172414,4599.156,4179.828,4595.255213,1808,162,-0.013021577,-0.102803143,0.102803143,0.013021577,0.07183908,0.183908046,0.356321839,14.62271076,9.601169738,2.579468084,-2.441531855,2.689877866,-2.34261771,5.631071927,0.242552851,0.803361261,0.27150653,9779.811,240.9571883,211.3194418,211.3194418,172.4766789,134.9978725,134.9978725,98.90429724,98.90429724,74.21177384,74.21177384,53.92381338,53.92381338,-8.58,6.73E+134,291.1151752,187.4115351,117.7793085,2167.459824,0,0,0,0,0,0,0,0,0,59.21042115,346.3331461,1779.993847,0,0,0,0,0,0,207.1267116,546.2727535,0,1432.13795,0,0,0,0,0,0,0,0,1233.721094,546.2727535,405.5435672,0,0,0,0,0,0,0,47.34324837,159.7834632,532.9281947,166.2042849,0,0,1279.278224,0,0,0,0,0,0,51.65048188,0,537.0149702,42.00121454,0,0.344827586,348,0,0,27,0,27,0,0,0,0,0,0,178,27,0,27,27,86.82208,1494.846,0,0,0,0,0,0,0,0,0,0,0,0,0,0,0,0,0,0,0,0,0,0,0,0,0,0,57,0,0,0,0,0,0,0,0,0,0,0,0,0,0,0,0,0,0,0,0,0,0,0,0,0,0,0,0,0,0,0,0,0,0,0,0,0,0,0,0,0,0,0,0,0,0,0,0,0,0,0,0,0,0,0,0,10,0,250.64
50-10-20-20,4.825566605,4.825566605,0.228597241,0.228597241,0.042056922,24.95,4749.336,4323.96,4745.302164,1862,180,-0.013021948,-0.102792767,0.102792767,0.013021948,0.069444444,0.166666667,0.330555556,14.64562164,9.621549318,2.602857092,-2.420200768,2.711292256,-2.325841573,5.65448641,0.254341942,0.815404326,0.280151417,10106.11273,248.3376572,217.7894613,217.7894613,178.5412973,139.3424344,139.3424344,102.1791554,102.1791554,77.13601985,77.13601985,56.70862117,56.70862117,-7.8,5.25E+139,298.9458867,189.9363153,116.5914687,2242.890445,0,0,0,0,0,0,0,0,0,39.4736141,335.028823,1887.136153,0,0,0,0,0,0,213.0446177,540.3548475,0,1508.239125,0,0,0,0,0,0,0,0,1353.705042,540.3548475,367.5786999,0,0,0,0,0,0,0,59.17906046,153.8655572,520.0865515,183.958003,0,0,1324.812611,19.73680705,0,0,0,0,0,55.21456278,0,563.3640737,32.42136349,0,0.333333333,360,0,0,30,0,30,0,0,0,0,0,0,177,30,0,30,30,87.9486,1538.414,0,0,0,0,0,0,0,0,0,0,0,0,0,0,0,0,0,0,0,0,0,0,0,0,0,0,54,0,0,0,0,0,0,0,0,0,0,0,0,0,0,0,0,0,0,0,0,0,0,0,0,0,0,0,0,0,0,0,0,0,0,0,0,0,0,0,0,0,0,0,0,0,0,0,0,0,0,0,0,0,0,0,0,12,0,249.38
